Старый адрес,Новый адрес,Тип,Проверить
https://avtomoyki.kz/,https://b2btech.kz/,страница,
https://avtomoyki.kz/about_us,https://b2btech.kz/about,страница,
https://avtomoyki.kz/contacts,https://b2btech.kz/contacts,страница,
https://avtomoyki.kz/product_list,https://b2btech.kz/catalog,страница,
https://avtomoyki.kz/return_policy,https://b2btech.kz/delivery,страница,
https://avtomoyki.kz/delivery_info,https://b2btech.kz/delivery,страница,
https://avtomoyki.kz/testimonials,https://b2btech.kz/reviews,страница,
https://avtomoyki.kz/articles,https://b2btech.kz/reviews,страница,
https://avtomoyki.kz/a34297-pochemu-stoit-priobretat.html,https://b2btech.kz/reviews,статья → отзывы,
https://avtomoyki.kz/g506779-professionalnye-pylesosy,https://b2btech.kz/catalog/avtomojka/professionalnye-pylesosy,раздел,
https://avtomoyki.kz/g506826-apparaty-vysokogo-davleniya,https://b2btech.kz/catalog/avtomojka/apparaty-vysokogo-davleniya-avd,раздел,
https://avtomoyki.kz/g508012-polomoechnye-mashiny,https://b2btech.kz/catalog/klining/polomoechnye-mashiny,раздел,
https://avtomoyki.kz/g508109-pnevmaticheskoe-oborudovanie,https://b2btech.kz/catalog/sto/pnevmaticheskoe-oborudovanie,раздел,
https://avtomoyki.kz/g524741-oborudovanie-dlya-avtomojki,https://b2btech.kz/catalog/avtomojka,раздел,
https://avtomoyki.kz/g613065-ochistnye-sooruzheniya-dlya,https://b2btech.kz/catalog/avtomojka/ochistnye-sooruzheniya-dlya-avtomoyki,раздел,
https://avtomoyki.kz/g2397433-dopolnitelnoe-oborudovanie-dlya,https://b2btech.kz/catalog/avtomojka/dopolnitelnoe-oborudovanie-dlya-avtomoechnyh-kom,раздел,
https://avtomoyki.kz/g3113821-pnevmaticheskoe-oborudovanie-chicago,https://b2btech.kz/catalog/sto/pnevmaticheskoe-oborudovanie-chicago-pneumatic,раздел,
https://avtomoyki.kz/g3183127-oborudovanie-dlya-sto,https://b2btech.kz/catalog/sto,раздел,
https://avtomoyki.kz/g3183130-shinomontazhnoe-oborudovanie,https://b2btech.kz/catalog/sto/shinomontazhnoe-oborudovanie,раздел,
https://avtomoyki.kz/g3183155-balansirovochnye-stanki-dlya,https://b2btech.kz/catalog/sto/balansirovochnye-stanki-dlya-shinomontazha,раздел,
https://avtomoyki.kz/g3191315-avtopodemniki-dlya-sto,https://b2btech.kz/catalog/sto/avtopodemniki-dlya-sto-i-avtoservisa,раздел,
https://avtomoyki.kz/g4380863-oborudovanie-dlya-zameny,https://b2btech.kz/catalog/sto/oborudovanie-dlya-zameny-masla-samoa,раздел,
https://avtomoyki.kz/g4382196-maslorazdatochnoe-oborudovanie,https://b2btech.kz/catalog/sto/maslorazdatochnoe-oborudovanie,раздел,
https://avtomoyki.kz/g4383477-oborudovanie-dlya-konsistentnoj,https://b2btech.kz/catalog/sto/oborudovanie-dlya-konsistentnoy-smazki,раздел,
https://avtomoyki.kz/g4390232-pressy-gidravlicheskie-dlya,https://b2btech.kz/catalog/sto/pressy-gidravlicheskie-dlya-sto-i-avtoservisa,раздел,
https://avtomoyki.kz/g4395418-oborudovanie-dlya-klininga,https://b2btech.kz/catalog/klining,раздел,
https://avtomoyki.kz/g4398673-kompressory-porshnevye-vozdushnye,https://b2btech.kz/catalog/sto/kompressory-porshnevye-vozdushnye,раздел,
https://avtomoyki.kz/g7633076-moyuschie-pylesosy-elsea,https://b2btech.kz/catalog/avtomojka/moyuschie-pylesosy-elsea,раздел,
https://avtomoyki.kz/g7633077-professionalnye-pylesosy-soteco,https://b2btech.kz/catalog/avtomojka/professionalnye-pylesosy-soteco,раздел,
https://avtomoyki.kz/g9248215-avtomaticheskie-mojki-dlya,https://b2btech.kz/catalog/avtomojka/avtomaticheskie-moyki-dlya,раздел,
https://avtomoyki.kz/g9403393-podmetalnye-mashiny,https://b2btech.kz/catalog/klining/podmetalnye-mashiny,раздел,
https://avtomoyki.kz/g9427752-professionalnye-pylesosy-chancee,https://b2btech.kz/catalog/avtomojka/professionalnye-pylesosy-chancee,раздел,
https://avtomoyki.kz/g9460693-mojki-vysokogo-davleniya,https://b2btech.kz/catalog/avtomojka/moyki-vysokogo-davleniya-dlya-avto,раздел,
https://avtomoyki.kz/g9460695-professionalnye-mojki-vysokogo,https://b2btech.kz/catalog/avtomojka/professionalnye-moyki-vysokogo-davleniya,раздел,
https://avtomoyki.kz/g9460698-mojki-vysokogo-davleniya,https://b2btech.kz/catalog/avtomojka/moyki-vysokogo-davleniya-s-podogrevom-vody,раздел,
https://avtomoyki.kz/g9460700-promyshlennye-mojki-vysokogo,https://b2btech.kz/catalog/avtomojka/promyshlennye-moyki-vysokogo-davleniya,раздел,
https://avtomoyki.kz/g9460703-benzinovye-mojki-vysokogo,https://b2btech.kz/catalog/avtomojka/benzinovye-moyki-vysokogo-davleniya,раздел,
https://avtomoyki.kz/g9465814-professionalnye-moyuschie-pylesosy,https://b2btech.kz/catalog/avtomojka/professionalnye-moyuschie-pylesosy,раздел,
https://avtomoyki.kz/g9465826-professionalnye-pylevodososy,https://b2btech.kz/catalog/avtomojka/professionalnye-pylevodososy,раздел,
https://avtomoyki.kz/g9467233-pylesosy-ekstraktory,https://b2btech.kz/catalog/avtomojka/pylesosy-ekstraktory,раздел,
https://avtomoyki.kz/g9469270-portalnye-avtomojki,https://b2btech.kz/catalog/avtomojka/portalnye-avtomoyki,раздел,
https://avtomoyki.kz/g9469273-avtomaticheskie-konvejernye-avtomojki,https://b2btech.kz/catalog/avtomojka/avtomaticheskie-konveyernye-avtomoyki-tunnelnogo,раздел,
https://avtomoyki.kz/g9469274-beskontaktnye-robotizirovannye-avtomojki,https://b2btech.kz/catalog/avtomojka/beskontaktnye-robotizirovannye-avtomoyki,раздел,
https://avtomoyki.kz/g9469290-dvuhstoechnye-podemniki,https://b2btech.kz/catalog/sto/dvuhstoechnye-podemniki,раздел,
https://avtomoyki.kz/p2464312-professionalnyj-pylevodosos-topper.html,https://b2btech.kz/product/1-professionalnyy-pylevodosos-topper-515-plast,товар (по коду),
https://avtomoyki.kz/p2464327-professionalnyj-pylevodosos-topper.html,https://b2btech.kz/product/2-professionalnyy-pylevodosos-topper-515-inox,товар (по коду),
https://avtomoyki.kz/p2464393-professionalnyj-pylevodosos-panda.html,https://b2btech.kz/product/5-professionalnyy-pylevodosos-panda-215,товар (по коду),
https://avtomoyki.kz/p2464402-pylevodosos-amsterdam-315.html,https://b2btech.kz/product/6-pylevodosos-amsterdam-315-hp-steel,товар (по коду),
https://avtomoyki.kz/p2464419-professionalnyj-pylevodosos-yes.html,https://b2btech.kz/product/7-professionalnyy-pylevodosos-yes-play-515-plast,товар (по коду),
https://avtomoyki.kz/p2464432-professionalnyj-pylevodosos-yes.html,https://b2btech.kz/product/8-professionalnyy-pylevodosos-yes-play-515-steel,товар (по коду),
https://avtomoyki.kz/p2464510-professionalnyj-pylevodosos-amsterdam.html,https://b2btech.kz/product/9-professionalnyy-pylevodosos-amsterdam-429-hp-steel,товар (по коду),
https://avtomoyki.kz/p2464547-professionalnyj-moyuschij-pylevodosos.html,https://b2btech.kz/catalog/avtomojka/pylesosy-ekstraktory,товар → раздел (из экспорта),да
https://avtomoyki.kz/p2464561-professionalnyj-moyuschij-pylevodosos.html,https://b2btech.kz/product/11-professionalnyy-moyuschiy-pylevodosos-ekstraktor-lava,товар (по коду),
https://avtomoyki.kz/p2464568-professionalnyj-moyuschij-pylevodosos.html,https://b2btech.kz/product/12-professionalnyy-moyuschiy-pylevodosos-ekstraktor-idrohippo,товар (по коду),
https://avtomoyki.kz/p2464585-professionalnyj-pylesos-leo.html,https://b2btech.kz/product/13-professionalnyy-pylesos-leo,товар (по коду),
https://avtomoyki.kz/p2464764-professionalnaya-mojka-vysokogo.html,https://b2btech.kz/product/14-professionalnaya-moyka-vysokogo-davleniya-ipc-portotecnica-g-power-c-i,товар (по коду),
https://avtomoyki.kz/p2464810-professionalnyj-apparat-vysokogo.html,https://b2btech.kz/product/15-professionalnyy-apparat-vysokogo-davleniya-ipc-portotecnica-g-power-c,товар (по коду),
https://avtomoyki.kz/p2464861-apparat-vysokogo-davleniya.html,https://b2btech.kz/product/16-apparat-vysokogo-davleniya-ipc-portotecnica-n-elite-c-1310p-m-kesher,товар (по коду),
https://avtomoyki.kz/p2464875-mojka-vysokogo-davleniya.html,https://b2btech.kz/product/17-moyka-vysokogo-davleniya-ipc-portotecnica-n-elite-c-1813p-t,товар (по коду),
https://avtomoyki.kz/p2464887-apparat-vysokogo-davleniya.html,https://b2btech.kz/product/18-apparat-vysokogo-davleniya-ipc-portotecnica-n-elite-c-i1310pm,товар (по коду),
https://avtomoyki.kz/p2464900-mojka-vysokogo-davleniya.html,https://b2btech.kz/product/19-moyka-vysokogo-davleniya-ipc-portotecnica-n-elite-c-i1813p-t,товар (по коду),
https://avtomoyki.kz/p2464910-promyshlennaya-mojka-vysokogo.html,https://b2btech.kz/product/20-promyshlennaya-moyka-vysokogo-davleniya-portotecnica-royal-c-2117p-t-2,товар (по коду),
https://avtomoyki.kz/p2464923-promyshlennaya-mojka-vysokogo.html,https://b2btech.kz/product/21-promyshlennaya-moyka-vysokogo-davleniya-portotecnica-royal-c-d2117p-t,товар (по коду),
https://avtomoyki.kz/p2476808-kompressor-porshnevoj-201.html,https://b2btech.kz/product/23-kompressor-porshnevoy-ae-201,товар (по коду),
https://avtomoyki.kz/p2476809-kompressor-porshnevoj-202.html,https://b2btech.kz/product/24-kompressor-porshnevoy-ae-202,товар (по коду),
https://avtomoyki.kz/p2476814-kompressor-porshnevoj-203.html,https://b2btech.kz/product/25-kompressor-porshnevoy-ae-203,товар (по коду),
https://avtomoyki.kz/p2476819-kompressor-porshnevoj-204.html,https://b2btech.kz/product/26-kompressor-porshnevoy-ae-204,товар (по коду),
https://avtomoyki.kz/p2476824-kompressor-porshnevoj-205.html,https://b2btech.kz/product/27-kompressor-porshnevoy-ae-205,товар (по коду),
https://avtomoyki.kz/p2476841-resiver-arv-500.html,https://b2btech.kz/catalog/sto/kompressory-porshnevye-vozdushnye,товар → раздел (из экспорта),да
https://avtomoyki.kz/p2573992-polomoechnaya-mashina-lavamatic.html,https://b2btech.kz/product/29-polomoechnaya-mashina-lavamatic-15-c-35,товар (по коду),
https://avtomoyki.kz/p2573999-polomoechnaya-mashina-lavamatic.html,https://b2btech.kz/product/30-polomoechnaya-mashina-lavamatic-15-b-35,товар (по коду),
https://avtomoyki.kz/p2574008-polomoechnaya-mashina-lavamatic.html,https://b2btech.kz/product/31-polomoechnaya-mashina-lavamatic-40-c-50,товар (по коду),
https://avtomoyki.kz/p2574056-parogenerator-ipc-portotecnica.html,https://b2btech.kz/product/32-parogenerator-ipc-portotecnica-new-steamy-s5008m,товар (по коду),
https://avtomoyki.kz/p2574068-polomoechnaya-mashina-sidenem.html,https://b2btech.kz/product/33-polomoechnaya-mashina-s-sidenem-dlya-operatora-lavamatic-110-bt-70,товар (по коду),
https://avtomoyki.kz/p2575781-podmetalnaya-mashina-ruchnaya.html,https://b2btech.kz/catalog/klining/podmetalnye-mashiny,товар → раздел (из экспорта),да
https://avtomoyki.kz/p2947432-penogenerator-idrobase-double.html,https://b2btech.kz/product/35-penogenerator-idrobase-double-life-24-l,товар (по коду),
https://avtomoyki.kz/p2947638-penogenerator-idrobase-double.html,https://b2btech.kz/product/36-penogenerator-idrobase-double-life-50-l,товар (по коду),
https://avtomoyki.kz/p2952549-tornador-idrobase-artikul.html,https://b2btech.kz/product/37-tornador-idrobase-artikul-zx-7223,товар (по коду),
https://avtomoyki.kz/p3553899-vodoochistnoe-sooruzhenie-dlya.html,https://b2btech.kz/product/38-vodoochistnoe-sooruzhenie-dlya-avtomoek-modul-recirkulyacii-stochnyh-v,товар (по коду),
https://avtomoyki.kz/p3569634-penokomplekt-dlya-avtomoechnyh.html,https://b2btech.kz/product/39-penokomplekt-dlya-avtomoechnyh-kompleksov-idrobase-zx-1078,товар (по коду),
https://avtomoyki.kz/p5256483-professionalnaya-mojka-vysokogo.html,https://b2btech.kz/product/40-professionalnaya-moyka-vysokogo-davleniya-wet-220-160-bar-230v-kesher,товар (по коду),
https://avtomoyki.kz/p13954039-mojka-vysokogo-davleniya.html,https://b2btech.kz/product/41-moyka-vysokogo-davleniya-v-korpuse-we-347-170-bar-380v,товар (по коду),
https://avtomoyki.kz/p13954058-professionalnyj-apparat-vysokogo.html,https://b2btech.kz/product/42-professionalnyy-apparat-vysokogo-davleniya-wet-247-170-bar-380v-kesher,товар (по коду),
https://avtomoyki.kz/p13954072-professionalnyj-apparat-vysokogo.html,https://b2btech.kz/product/43-professionalnyy-apparat-vysokogo-davleniya-wet-250-200-bar-380v-kershe,товар (по коду),
https://avtomoyki.kz/p13954090-professionalnyj-apparat-vysokogo.html,https://b2btech.kz/product/45-professionalnyy-apparat-vysokogo-davleniya-wet-750-250-bar-900-l-ch-7,товар (по коду),
https://avtomoyki.kz/p35094596-mojka-dnischa-avtomobilya.html,https://b2btech.kz/product/46-moyka-dnischa-avtomobilya-wdf-222,товар (по коду),
https://avtomoyki.kz/p35094861-konsol-potolochnaya-nerzhaveyuschej.html,https://b2btech.kz/product/47-konsol-potolochnaya-iz-nerzhaveyuschey-stali-wd-103,товар (по коду),
https://avtomoyki.kz/p36267426-polomoechnaya-mashina-sidenem.html,https://b2btech.kz/product/48-polomoechnaya-mashina-s-sidenem-dlya-operatora-lavamatic-80-bt-55,товар (по коду),
https://avtomoyki.kz/p44695320-mojka-vysokogo-davleniya.html,https://b2btech.kz/product/49-moyka-vysokogo-davleniya-portotecnica-elite-2840-t-kesher,товар (по коду),
https://avtomoyki.kz/p44695359-apparat-vysokogo-davleniya.html,https://b2btech.kz/product/50-apparat-vysokogo-davleniya-elite-dshh-2840-t,товар (по коду),
https://avtomoyki.kz/p44710811-udarnyj-gajkovert-7748.html,https://b2btech.kz/product/51-udarnyy-gaykovert-cp-7748,товар (по коду),
https://avtomoyki.kz/p44717422-promyshlennaya-mojka-vysokogo.html,https://b2btech.kz/product/60-promyshlennaya-moyka-vysokogo-davleniya-portotecnica-royal-press-dspl,товар (по коду),
https://avtomoyki.kz/p46087916-mojka-podogrevom-vody.html,https://b2btech.kz/product/61-moyka-s-podogrevom-vody-ipc-portotecnica-syncr-h4-d2515pt,товар (по коду),
https://avtomoyki.kz/p46093026-stanok-shinomontazhnyj-poluavtomaticheskij.html,https://b2btech.kz/product/62-stanok-shinomontazhnyy-poluavtomaticheskiy-dlya-l-a-monty-3300-20-smar,товар (по коду),
https://avtomoyki.kz/p46093153-stanok-shinomontazhnyj-avtomaticheskij.html,https://b2btech.kz/product/63-stanok-shinomontazhnyy-avtomaticheskiy-dvuhskorostnoy-dlya-l-a-monty-3,товар (по коду),
https://avtomoyki.kz/p46093159-stanok-shinomontazhnyj-avtomaticheskij.html,https://b2btech.kz/product/64-stanok-shinomontazhnyy-avtomaticheskiy-dvuhskorostnoy-dlya-l-a-monty-3,товар (по коду),
https://avtomoyki.kz/p46093180-stanok-shinomontazhnyj-avtomaticheskij.html,https://b2btech.kz/product/65-stanok-shinomontazhnyy-avtomaticheskiy-dvuhskorostnoy-dlya-l-a-monty-3,товар (по коду),
https://avtomoyki.kz/p46093192-ustrojstvo-dlya-razbortovki.html,https://b2btech.kz/product/66-ustroystvo-dlya-razbortovki-nizkoprofilnyh-i-sportivnyh-shin-mh-320-pr,товар (по коду),
https://avtomoyki.kz/p46093266-stanok-shinomontazhnyj-dlya.html,https://b2btech.kz/product/67-stanok-shinomontazhnyy-dlya-g-a-monty-3850,товар (по коду),
https://avtomoyki.kz/p46093276-stanok-shinomontazhnyj-dlya.html,https://b2btech.kz/product/68-stanok-shinomontazhnyy-dlya-g-a-monty-4250,товар (по коду),
https://avtomoyki.kz/p46093286-stanok-shinomontazhnyj-dlya.html,https://b2btech.kz/product/69-stanok-shinomontazhnyy-dlya-g-a-monty-5800-b,товар (по коду),
https://avtomoyki.kz/p46093309-filtr-setka-dlya.html,https://b2btech.kz/catalog/avtomojka/dopolnitelnoe-oborudovanie-dlya-avtomoechnyh-kom,товар → раздел (из экспорта),да
https://avtomoyki.kz/p46093362-stanok-balansirovochnyj-dlya.html,https://b2btech.kz/product/71-stanok-balansirovochnyy-dlya-l-a-geodyna-7100,товар (по коду),
https://avtomoyki.kz/p46093383-stanok-balansirovochnyj-dlya.html,https://b2btech.kz/catalog/sto/balansirovochnye-stanki-dlya-shinomontazha,товар → раздел (из экспорта),да
https://avtomoyki.kz/p46093400-stanok-balansirovochnyj-dlya.html,https://b2btech.kz/product/73-stanok-balansirovochnyy-dlya-l-a-geodyna-7300-s,товар (по коду),
https://avtomoyki.kz/p46093412-stanok-balansirovochnyj-dlya.html,https://b2btech.kz/product/74-stanok-balansirovochnyy-dlya-l-a-geodyna-7300-l,товар (по коду),
https://avtomoyki.kz/p46093440-stanok-balansirovochnyj-dlya.html,https://b2btech.kz/catalog/sto/balansirovochnye-stanki-dlya-shinomontazha,товар → раздел (из экспорта),да
https://avtomoyki.kz/p46093449-stanok-balansirovochnyj-dlya.html,https://b2btech.kz/product/76-stanok-balansirovochnyy-dlya-g-a-geodyna-4800-2l,товар (по коду),
https://avtomoyki.kz/p46144200-kompressor-porshnevoj-301.html,https://b2btech.kz/catalog/sto/kompressory-porshnevye-vozdushnye,товар → раздел (из экспорта),да
https://avtomoyki.kz/p49937623-kompressor-porshnevoj-302.html,https://b2btech.kz/catalog/sto/kompressory-porshnevye-vozdushnye,товар → раздел (из экспорта),да
https://avtomoyki.kz/p52411212-zaschita-shlangov-vysokogo.html,https://b2btech.kz/catalog/avtomojka/dopolnitelnoe-oborudovanie-dlya-avtomoechnyh-kom,товар → раздел (из экспорта),да
https://avtomoyki.kz/p56181960-penokope-penobutylkoj-idrobase.html,https://b2btech.kz/product/84-penokope-s-penobutylkoy-idrobase,товар (по коду),
https://avtomoyki.kz/p56188954-professionalnyj-moyuschij-pylevodosos.html,https://b2btech.kz/product/85-professionalnyy-moyuschiy-pylevodosos-ekstraktor-gamma-300,товар (по коду),
https://avtomoyki.kz/p59177429-stend-dlya-pravki.html,https://b2btech.kz/product/93-stend-dlya-pravki-legkosplavnyh-diskov-tm-203,товар (по коду),
https://avtomoyki.kz/p59177884-stend-dlya-pravki.html,https://b2btech.kz/product/94-stend-dlya-pravki-legkosplavnyh-diskov-s-supportom-tm-204,товар (по коду),
https://avtomoyki.kz/p59194898-bortorasshiritel-td102.html,https://b2btech.kz/catalog/sto/shinomontazhnoe-oborudovanie,товар → раздел (из экспорта),да
https://avtomoyki.kz/p59199872-vulkanizator-101.html,https://b2btech.kz/catalog/sto/shinomontazhnoe-oborudovanie,товар → раздел (из экспорта),да
https://avtomoyki.kz/p59243960-nagnetatel-dlya-masla.html,https://b2btech.kz/product/97-nagnetatel-dlya-masla-pnevmaticheskiy-perekatnoy-samoa-324000,товар (по коду),
https://avtomoyki.kz/p59243981-nagnetatel-masla-ruchnoj.html,https://b2btech.kz/product/98-nagnetatel-masla-ruchnoy-samoa-320400,товар (по коду),
https://avtomoyki.kz/p59312515-nagnetatel-masla-ruchnoj.html,https://b2btech.kz/product/99-nagnetatel-masla-ruchnoy-samoa-325000,товар (по коду),
https://avtomoyki.kz/p59312607-ruchnoj-nasos-dlya.html,https://b2btech.kz/product/100-ruchnoy-nasos-dlya-rozliva-masla-samoa-304500,товар (по коду),
https://avtomoyki.kz/p59312697-rotornyj-nasos-dlya.html,https://b2btech.kz/product/101-rotornyy-nasos-dlya-rozliva-masla-i-diztopliva-samoa-308010,товар (по коду),
https://avtomoyki.kz/p59334698-nagnetatel-dlya-smazki.html,https://b2btech.kz/product/102-nagnetatel-dlya-smazki-pedalnyy-samoa-157000,товар (по коду),
https://avtomoyki.kz/p59399713-nagnetatel-dlya-smazki.html,https://b2btech.kz/product/103-nagnetatel-dlya-smazki-ruchnoy-samoa-150000,товар (по коду),
https://avtomoyki.kz/p59429955-ruchnoj-nasos-dlya.html,https://b2btech.kz/product/104-ruchnoy-nasos-dlya-rozliva-antifriza-samoa-304509,товар (по коду),
https://avtomoyki.kz/p59437441-shlang-dlya-nasosa.html,https://b2btech.kz/catalog/sto/maslorazdatochnoe-oborudovanie,товар → раздел (из экспорта),да
https://avtomoyki.kz/p59437473-ruchnoj-podemnyj-nasos.html,https://b2btech.kz/product/106-ruchnoy-podemnyy-nasos-dlya-rozliva-himicheskih-zhidkostey-samoa-30040,товар (по коду),
https://avtomoyki.kz/p59437567-pnevmaticheskij-nasos-pompa.html,https://b2btech.kz/product/107-pnevmaticheskiy-nasos-pompa-dlya-razdachi-masel-samoa-pumpmaster2-3541,товар (по коду),
https://avtomoyki.kz/p59437642-pistolet-dlya-razdachi.html,https://b2btech.kz/catalog/sto/maslorazdatochnoe-oborudovanie,товар → раздел (из экспорта),да
https://avtomoyki.kz/p59437706-katushka-maslostojkim-shlangom.html,https://b2btech.kz/catalog/sto/maslorazdatochnoe-oborudovanie,товар → раздел (из экспорта),да
https://avtomoyki.kz/p59438353-press-pnevmo-gidravlicheskij.html,https://b2btech.kz/product/110-press-pnevmo-gidravlicheskiy-napolnyy-16-t,товар (по коду),
https://avtomoyki.kz/p59439172-press-pnevmo-gidravlicheskij.html,https://b2btech.kz/product/111-press-pnevmo-gidravlicheskiy-napolnyy-25-t,товар (по коду),
https://avtomoyki.kz/p60767964-mojka-vysokogo-davleniya.html,https://b2btech.kz/product/112-moyka-vysokogo-davleniya-v-korpuse-we-350-200-bar-380v,товар (по коду),
https://avtomoyki.kz/p65173912-nagnetatel-dlya-smazki.html,https://b2btech.kz/product/113-nagnetatel-dlya-smazki-pnevmaticheskiy-solidolonagnetatel-samoa-424170,товар (по коду),
https://avtomoyki.kz/p65179334-press-pnevmo-gidravlicheskij.html,https://b2btech.kz/product/114-press-pnevmo-gidravlicheskiy-napolnyy-60-t,товар (по коду),
https://avtomoyki.kz/p65179437-press-elektro-gidravlicheskij.html,https://b2btech.kz/product/115-press-elektro-gidravlicheskiy-napolnyy-25-t,товар (по коду),
https://avtomoyki.kz/p65179478-press-elektro-gidravlicheskij.html,https://b2btech.kz/product/116-press-elektro-gidravlicheskiy-napolnyy-60-t,товар (по коду),
https://avtomoyki.kz/p65179489-press-elektro-gidravlicheskij.html,https://b2btech.kz/product/117-press-elektro-gidravlicheskiy-napolnyy-120-tonn,товар (по коду),
https://avtomoyki.kz/p68289901-polomoechnaya-mashina-lavamatic.html,https://b2btech.kz/product/118-polomoechnaya-mashina-lavamatic-40-b-50,товар (по коду),
https://avtomoyki.kz/p68289937-polomoechnaya-mashina-lavamatic.html,https://b2btech.kz/product/119-polomoechnaya-mashina-lavamatic-5-b-30,товар (по коду),
https://avtomoyki.kz/p72593369-benzinovaya-mojka-vysokogo.html,https://b2btech.kz/product/120-benzinovaya-moyka-vysokogo-davleniya-portotecnica-benz-c-l-2216-pip,товар (по коду),
https://avtomoyki.kz/p73455804-katushka-shlangom-samoa.html,https://b2btech.kz/product/121-katushka-so-shlangom-samoa-500115-15m-15-bar,товар (по коду),
https://avtomoyki.kz/p76345458-derzhatel-kolchan-dlya.html,https://b2btech.kz/catalog/avtomojka/dopolnitelnoe-oborudovanie-dlya-avtomoechnyh-kom,товар → раздел (из экспорта),да
https://avtomoyki.kz/p76451566-apparat-vysokogo-davleniya.html,https://b2btech.kz/product/123-apparat-vysokogo-davleniya-portotecnica-automax-c-1813p,товар (по коду),
https://avtomoyki.kz/p88226436-vakuumnyj-ekstraktor-masla.html,https://b2btech.kz/product/124-vakuumnyy-ekstraktor-masla-maslosbornik-samoa-373000,товар (по коду),
https://avtomoyki.kz/p88337094-polomoechnaya-mashina-chancee.html,https://b2btech.kz/product/125-polomoechnaya-mashina-chancee-m50-li-ion,товар (по коду),
https://avtomoyki.kz/p88337138-podmetalnaya-mashina-chancee.html,https://b2btech.kz/product/126-podmetalnaya-mashina-chancee-u135-li-ion,товар (по коду),
https://avtomoyki.kz/p88337148-podmetalnaya-mashina-chancee.html,https://b2btech.kz/product/127-podmetalnaya-mashina-chancee-u125,товар (по коду),
https://avtomoyki.kz/p89302066-parogenerator-steam-wave.html,https://b2btech.kz/product/128-parogenerator-steam-wave-wp110-paroochistitel,товар (по коду),
https://avtomoyki.kz/p90881926-parogenerator-elsea-steam.html,https://b2btech.kz/product/129-parogenerator-elsea-steam-poseidon-swi220s-parovoy-pylesos-moyka,товар (по коду),
https://avtomoyki.kz/p94264530-professionalnyj-moyuschij-pylevodosos.html,https://b2btech.kz/product/131-professionalnyy-moyuschiy-pylevodosos-ekstraktor-elsea-estro-wpv110,товар (по коду),
https://avtomoyki.kz/p95241778-professionalnyj-dvuhmotornyj-pylevodosos.html,https://b2btech.kz/product/133-professionalnyy-dvuhmotornyy-pylevodosos-elsea-exel-wi-220,товар (по коду),
https://avtomoyki.kz/p95248850-professionalnyj-trehmotornyj-pylevodosos.html,https://b2btech.kz/product/134-professionalnyy-trehmotornyy-pylevodosos-elsea-exel330,товар (по коду),
https://avtomoyki.kz/p95404076-akkumulyatornyj-pistolet-nagnetatel.html,https://b2btech.kz/product/135-akkumulyatornyy-pistolet-nagnetatel-konsistentnoy-smazki-samoa-160510,товар (по коду),
https://avtomoyki.kz/p100673001-professionalnyj-moyuschij-pylevodosos.html,https://b2btech.kz/product/136-professionalnyy-moyuschiy-pylevodosos-ekstraktor-elsea-estro-wpv125,товар (по коду),
https://avtomoyki.kz/p100673399-professionalnyj-moyuschij-pylevodosos.html,https://b2btech.kz/product/137-professionalnyy-moyuschiy-pylevodosos-ekstraktor-elsea-estro-wiv125,товар (по коду),
https://avtomoyki.kz/p100845279-komplekt-maslorazdatochnogo-oborudovaniya.html,https://b2btech.kz/product/138-komplekt-maslorazdatochnogo-oborudovaniya-na-telezhke-s-elektronasosom,товар (по коду),
https://avtomoyki.kz/p103891711-industrialnyj-trehmotornyj-pylesos.html,https://b2btech.kz/product/139-industrialnyy-trehmotornyy-pylesos-dlya-uborki-cehov-i-sto-elsea-antar,товар (по коду),
https://avtomoyki.kz/p104639273-parogenerator-elsea-steam.html,https://b2btech.kz/product/140-parogenerator-elsea-steam-wave-w110-paroochistitel,товар (по коду),
https://avtomoyki.kz/p106237058-vakuumnyj-ekstraktor-masla.html,https://b2btech.kz/product/141-vakuumnyy-ekstraktor-masla-ustanovka-po-zamene-masla-samoa-373100,товар (по коду),
https://avtomoyki.kz/p106237151-vakuumnyj-ekstraktor-masla.html,https://b2btech.kz/product/142-vakuumnyy-ekstraktor-masla-ustanovka-po-zamene-masla-samoa-373500,товар (по коду),
https://avtomoyki.kz/p112521450-polomoechnaya-mashina-portotecnica.html,https://b2btech.kz/product/146-polomoechnaya-mashina-portotecnica-lavamatic-46-v-50,товар (по коду),
https://avtomoyki.kz/p112521562-polomoechnaya-mashina-portotecnica.html,https://b2btech.kz/product/147-polomoechnaya-mashina-portotecnica-lavamatic-15-b-35-li-ion,товар (по коду),
https://avtomoyki.kz/p120009091-polomoechnaya-mashina-chancee.html,https://b2btech.kz/product/150-polomoechnaya-mashina-chancee-m30,товар (по коду),
https://avtomoyki.kz/p120012650-polomoechnaya-mashina-chancee.html,https://b2btech.kz/product/151-polomoechnaya-mashina-chancee-m60,товар (по коду),
https://avtomoyki.kz/p120284749-polomoechnaya-mashina-chancee.html,https://b2btech.kz/product/152-polomoechnaya-mashina-chancee-m50,товар (по коду),
https://avtomoyki.kz/p120389710-polomoechnaya-mashina-chancee.html,https://b2btech.kz/product/153-polomoechnaya-mashina-chancee-k70,товар (по коду),
https://avtomoyki.kz/p120410170-polomoechnaya-mashina-chancee.html,https://b2btech.kz/product/154-polomoechnaya-mashina-chancee-k80,товар (по коду),
https://avtomoyki.kz/p120450139-odnodiskovaya-mashina-dlya.html,https://b2btech.kz/product/155-odnodiskovaya-mashina-dlya-chistki-polirovki-polov-chancee-dc1517,товар (по коду),
https://avtomoyki.kz/p120534966-fen-dlya-sushki.html,https://b2btech.kz/product/156-fen-dlya-sushki-polov-i-kovrovyh-pokrytiy-chancee-fa650,товар (по коду),
https://avtomoyki.kz/p122287183-portalnaya-moechnaya-ustanovka.html,https://b2btech.kz/product/157-portalnaya-moechnaya-ustanovka-dlya-gruzovyh-avtomobiley-risense-cb-73,товар (по коду),
https://avtomoyki.kz/p122771497-dvuhstoechnyj-podemnik-445s.html,https://b2btech.kz/catalog/sto/dvuhstoechnye-podemniki,товар → раздел (из экспорта),да
https://avtomoyki.kz/p122804735-dvuhstoechnyj-podemnik-345.html,https://b2btech.kz/catalog/sto/dvuhstoechnye-podemniki,товар → раздел (из экспорта),да
https://avtomoyki.kz/p122911976-dvuhstoechnyj-podemnik-342s.html,https://b2btech.kz/catalog/sto/dvuhstoechnye-podemniki,товар → раздел (из экспорта),да
https://avtomoyki.kz/p122912114-dvuhstoechnyj-podemnik-242s.html,https://b2btech.kz/catalog/sto/dvuhstoechnye-podemniki,товар → раздел (из экспорта),да
https://avtomoyki.kz/p122912167-dvuhstoechnyj-podemnik-power.html,https://b2btech.kz/catalog/sto/dvuhstoechnye-podemniki,товар → раздел (из экспорта),да
https://avtomoyki.kz/p122912320-dvuhstoechnyj-avtopodemnik-power.html,https://b2btech.kz/catalog/sto/dvuhstoechnye-podemniki,товар → раздел (из экспорта),да
https://avtomoyki.kz/p122912360-dvuhstoechnyj-avtopodemnik-smart.html,https://b2btech.kz/catalog/sto/dvuhstoechnye-podemniki,товар → раздел (из экспорта),да
https://avtomoyki.kz/p122922666-stanok-shinomontazhnyj-s110.html,https://b2btech.kz/catalog/sto/shinomontazhnoe-oborudovanie,товар → раздел (из экспорта),да
https://avtomoyki.kz/p122922705-stanok-shinomontazhnyj-c110.html,https://b2btech.kz/catalog/sto/shinomontazhnoe-oborudovanie,товар → раздел (из экспорта),да
https://avtomoyki.kz/p122923037-stanok-shinomontazhnyj-s222.html,https://b2btech.kz/catalog/sto/shinomontazhnoe-oborudovanie,товар → раздел (из экспорта),да
https://avtomoyki.kz/p122923077-stanok-shinomontazhnyj-c224.html,https://b2btech.kz/catalog/sto/shinomontazhnoe-oborudovanie,товар → раздел (из экспорта),да
https://avtomoyki.kz/p123347261-geoliner-630-kit.html,https://b2btech.kz/product/169-geoliner-630-kit,товар (по коду),
https://avtomoyki.kz/p123352273-geoliner-650xd-lift.html,https://b2btech.kz/product/170-geoliner-650xd-lift-kit,товар (по названию),
https://avtomoyki.kz/p123917482-rotornoe-kope-portotecnica.html,https://b2btech.kz/product/171-rotornoe-kope-portotecnica-turbo-nozzle-cleaning-gryazekiller,товар (по коду),
https://avtomoyki.kz/p123917518-penokomplekt-idrobase-zl16k.html,https://b2btech.kz/product/172-penokomplekt-idrobase-zl-16k-g-dlinnyy-shtok,товар (по коду),
https://avtomoyki.kz/p124136757-polomoechnaya-mashina.html,https://b2btech.kz/product/173-polomoechnaya-mashina-61-bf-68,товар (по коду),
https://avtomoyki.kz/p125223792-yangzi-s13-promyshlennaya.html,https://b2btech.kz/catalog/klining/podmetalnye-mashiny,товар → раздел (из экспорта),да
https://avtomoyki.kz/p125313103-yangzi-s14-podmetalno.html,https://b2btech.kz/catalog/klining/podmetalnye-mashiny,товар → раздел (из экспорта),да
https://avtomoyki.kz/p125325272-yangzi-s10-privodnaya.html,https://b2btech.kz/catalog/klining/podmetalnye-mashiny,товар → раздел (из экспорта),да
https://avtomoyki.kz/p125329524-yangzi-podmetalnaya-mashinu.html,https://b2btech.kz/catalog/klining/podmetalnye-mashiny,товар → раздел (из экспорта),да
https://avtomoyki.kz/p125332199-s12-promyshlennaya-podmetalnaya.html,https://b2btech.kz/catalog/klining/podmetalnye-mashiny,товар → раздел (из экспорта),да
https://avtomoyki.kz/p125332208-yangzi-s11-podmetalno.html,https://b2btech.kz/catalog/klining/podmetalnye-mashiny,товар → раздел (из экспорта),да
https://avtomoyki.kz/p125332339-yangzi-s15-polnostyu.html,https://b2btech.kz/catalog/klining/podmetalnye-mashiny,товар → раздел (из экспорта),да
https://avtomoyki.kz/p126016757-professionalnyj-pylevodosos-106.html,https://b2btech.kz/product/181-professionalnyy-pylevodosos-yz-106,товар (по коду),
https://avtomoyki.kz/p126016815-professionalnyj-pylevodosos-108.html,https://b2btech.kz/product/182-professionalnyy-pylevodosos-yz-108,товар (по коду),
https://avtomoyki.kz/p126017615-professionalnyj-pylevodosos-302s.html,https://b2btech.kz/product/183-professionalnyy-pylevodosos-yz-302s,товар (по коду),
https://avtomoyki.kz/p126646194-razdatchik-dlya-konsistentnyh.html,https://b2btech.kz/product/184-razdatchik-dlya-konsistentnyh-smazok-gz-9t,товар (по коду),
https://avtomoyki.kz/p126646213-razdatchik-dlya-konsistentnyh.html,https://b2btech.kz/product/185-razdatchik-dlya-konsistentnyh-smazok-rs-8,товар (по коду),
https://avtomoyki.kz/p126646269-nagnetatel-smazok-ruchnoj.html,https://b2btech.kz/product/187-nagnetatel-smazok-ruchnoy-rs-6s,товар (по коду),
https://avtomoyki.kz/p126646277-ustanovka-dlya-razdachi.html,https://b2btech.kz/product/188-ustanovka-dlya-razdachi-konsistentnyh-smazok-gz-301,товар (по коду),
https://avtomoyki.kz/p126693479-kleen.html,https://b2btech.kz/product/189-kleen,товар (по коду),
https://avtomoyki.kz/p126915413-avtomaticheskaya-portalnaya-schetochnaya.html,https://b2btech.kz/catalog/avtomojka/portalnye-avtomoyki,товар → раздел (из экспорта),да
https://avtomoyki.kz/p126915607-avtomaticheskaya-portalnaya-schetochnaya.html,https://b2btech.kz/catalog/avtomojka/portalnye-avtomoyki,товар → раздел (из экспорта),да
https://avtomoyki.kz/p126915920-portalnaya-robotizirovannaya-schetochnaya.html,https://b2btech.kz/catalog/avtomojka/portalnye-avtomoyki,товар → раздел (из экспорта),да
https://avtomoyki.kz/p126916565-robotizirovannaya-beskontaktnaya-moechnaya.html,https://b2btech.kz/catalog/avtomojka/beskontaktnye-robotizirovannye-avtomoyki,товар → раздел (из экспорта),да
https://avtomoyki.kz/p126919797-beskontaktnaya-robotizirovannaya-obraznaya.html,https://b2btech.kz/catalog/avtomojka/beskontaktnye-robotizirovannye-avtomoyki,товар → раздел (из экспорта),да
https://avtomoyki.kz/p126920013-avtomaticheskaya-portalnaya-beskontaktnaya.html,https://b2btech.kz/catalog/avtomojka/beskontaktnye-robotizirovannye-avtomoyki,товар → раздел (из экспорта),да
https://avtomoyki.kz/p126920049-konvejernaya-avtomojka-tunnelnogo.html,https://b2btech.kz/catalog/avtomojka/avtomaticheskie-konveyernye-avtomoyki-tunnelnogo,товар → раздел (из экспорта),да
https://avtomoyki.kz/p126939182-podmetalnaya-uborochnaya-mashina.html,https://b2btech.kz/catalog/klining/podmetalnye-mashiny,товар → раздел (из экспорта),да
https://avtomoyki.kz/p126939193-podmetalnaya-uborochnaya-mashina.html,https://b2btech.kz/catalog/klining/podmetalnye-mashiny,товар → раздел (из экспорта),да
https://avtomoyki.kz/p126939231-podmetalnaya-uborochnaya-mashina.html,https://b2btech.kz/catalog/klining/podmetalnye-mashiny,товар → раздел (из экспорта),да
https://avtomoyki.kz/p126939328-avtomaticheskaya-tunnelnaya-avtomojka.html,https://b2btech.kz/catalog/avtomojka/avtomaticheskie-konveyernye-avtomoyki-tunnelnogo,товар → раздел (из экспорта),да
https://avtomoyki.kz/p126939552-avtomaticheskaya-tunnelnaya-avtomojka.html,https://b2btech.kz/catalog/avtomojka/avtomaticheskie-konveyernye-avtomoyki-tunnelnogo,товар → раздел (из экспорта),да
https://avtomoyki.kz/p126939647-konvejernaya-avtomojka-tunnelnogo.html,https://b2btech.kz/catalog/avtomojka/avtomaticheskie-konveyernye-avtomoyki-tunnelnogo,товар → раздел (из экспорта),да
https://avtomoyki.kz/p126939702-avtomaticheskaya-tunnelnaya-konvejernaya.html,https://b2btech.kz/catalog/avtomojka/avtomaticheskie-konveyernye-avtomoyki-tunnelnogo,товар → раздел (из экспорта),да
https://avtomoyki.kz/p126973503-beskontaktnaya-obraznaya-mojka.html,https://b2btech.kz/catalog/avtomojka/beskontaktnye-robotizirovannye-avtomoyki,товар → раздел (из экспорта),да
https://avtomoyki.kz/p126978244-robotizirovannaya-podmetalnaya-mashina.html,https://b2btech.kz/catalog/klining/polomoechnye-mashiny,товар → раздел (из экспорта),да
https://avtomoyki.kz/p126978350-avtonomnaya-polomoechnaya-mashina.html,https://b2btech.kz/catalog/klining/polomoechnye-mashiny,товар → раздел (из экспорта),да
https://avtomoyki.kz/p126978529-avtomatizirovannaya-polomoechnaya-mashinasc80.html,https://b2btech.kz/catalog/klining/polomoechnye-mashiny,товар → раздел (из экспорта),да
https://avtomoyki.kz/p127456350-kompressor-401-tandem.html,https://b2btech.kz/catalog/sto/kompressory-porshnevye-vozdushnye,товар → раздел (из экспорта),да
https://avtomoyki.kz/p128535541-wet-255-3za.html,https://b2btech.kz/product/210-wet-255-3za,товар (по коду),
https://avtomoyki.kz/p128535559-wet-355.html,https://b2btech.kz/product/211-wet-355,товар (по коду),
https://avtomoyki.kz/p128535576-wet-750-3za.html,https://b2btech.kz/product/212-wet-750-3za,товар (по коду),
https://avtomoyki.kz/p128611298-wet-375.html,https://b2btech.kz/product/213-wet-375,товар (по коду),
https://avtomoyki.kz/p128611335-mojka-vysokogo-davleniya.html,https://b2btech.kz/product/214-moyka-vysokogo-davleniya-wdt-375-bez-pulta-upravleniya,товар (по коду),
https://avtomoyki.kz/p128611359-mojka-vysokogo-davleniya.html,https://b2btech.kz/product/215-moyka-vysokogo-davleniya-wdt-355-bez-pulta-upravleniya,товар (по коду),
https://avtomoyki.kz/p128611378-mojka-vysokogo-davleniya.html,https://b2btech.kz/product/216-moyka-vysokogo-davleniya-wdt-750-3za-2515-bez-pulta-upravleniya,товар (по коду),
https://avtomoyki.kz/p128611397-mojka-vysokogo-davleniya.html,https://b2btech.kz/product/217-moyka-vysokogo-davleniya-wdt-255-3za2014-bez-pulta-upravleniya,товар (по коду),
https://avtomoyki.kz/p128611474-monoblok-motor-pompa.html,https://b2btech.kz/product/218-monoblok-motor-pompa-wd-5-5-1814,товар (по коду),
https://avtomoyki.kz/p128611636-monoblok-motor-pompa.html,https://b2btech.kz/product/219-monoblok-motor-pompa-wd-7-5-2515,товар (по коду),
https://avtomoyki.kz/p128611653-monoblok-motor-pompa.html,https://b2btech.kz/product/220-monoblok-motor-pompa-wd-5-5-2014,товар (по коду),
https://avtomoyki.kz/p128611667-monoblok-motor-pompa.html,https://b2btech.kz/product/221-monoblok-motor-pompa-wd-7-5-1814,товар (по коду),
https://avtomoyki.kz/p128898448-zaryadnaya-stantsiya-wsc50.html,https://b2btech.kz/product/222-zaryadnaya-stanciya-wsc50,товар (по коду),
https://avtomoyki.kz/p128898540-zaryadnaya-stantsiya-wsc80.html,https://b2btech.kz/product/223-zaryadnaya-stanciya-wsc80,товар (по коду),
https://avtomoyki.kz/p129112711-podmetalnaya-uborochnaya-mashina.html,https://b2btech.kz/product/224-podmetalnaya-uborochnaya-mashina-yangzi-s16,товар (по коду),
https://avtomoyki.kz/p129469507-polomoechnaya-mashina-k90.html,https://b2btech.kz/product/225-polomoechnaya-mashina-k90-li-ion,товар (по коду),
https://avtomoyki.kz/p129505604-polomoechnaya-mashina.html,https://b2btech.kz/product/228-polomoechnaya-mashina-m-30,товар (по коду),
https://avtomoyki.kz/p129505918-polomoechnaya-mashina-ion.html,https://b2btech.kz/product/229-polomoechnaya-mashina-k-70-li-ion,товар (по коду),
https://avtomoyki.kz/p130252812-mojka-vysokogo-davleniya.html,https://b2btech.kz/product/231-moyka-vysokogo-davleniya-s-podogrevom-vody,товар (по коду),
https://avtomoyki.kz/p131225189-penogenerator.html,https://b2btech.kz/product/233-penogenerator-24-l,товар (по коду),
https://avtomoyki.kz/p131225236-penogenerator-100.html,https://b2btech.kz/product/235-penogenerator-100-l,товар (по коду),
https://avtomoyki.kz/p131225253-penogenerator.html,https://b2btech.kz/product/236-penogenerator-24-l,товар (по коду),
https://avtomoyki.kz/p131225291-penogenerator.html,https://b2btech.kz/product/237-penogenerator-50-l,товар (по коду),
https://avtomoyki.kz/p126646260-razdachi-konsistentnyh-smazok.html,https://b2btech.kz/product/186-razdachi-konsistentnyh-smazok-gz-7,товар (по коду),
https://avtomoyki.kz/p126938920-podmetalnaya-uborochnaya-mashina.html,https://b2btech.kz/catalog/klining/podmetalnye-mashiny,товар → раздел (из экспорта),да
https://avtomoyki.kz/p129505095-vertikalnaya-akkumulyatornaya-polomoechnaya.html,https://b2btech.kz/product/226-vertikalnaya-akkumulyatornaya-polomoechnaya-mashina-x06c-plus,товар (по коду),
https://avtomoyki.kz/p129505130-polomoechnaya-mashina-ion.html,https://b2btech.kz/product/227-polomoechnaya-mashina-m-30-li-ion,товар (по коду),
https://avtomoyki.kz/p129505949-polomoechnaya-mashina-sidenem.html,https://b2btech.kz/product/230-polomoechnaya-mashina-s-sidenem-dlya-operatora-k-80-li-ion,товар (по коду),
https://avtomoyki.kz/p131225123-sistema-ochistki-vody.html,https://b2btech.kz/product/232-sistema-ochistki-vody-rsq-4-6t,товар (по коду),
https://avtomoyki.kz/p131225212-penogenerator.html,https://b2btech.kz/product/234-penogenerator-50-l,товар (по коду),
https://avtomoyki.kz/p134666385-beskontaktnaya-robotizirovannaya-avtomaticheskaya.html,https://b2btech.kz/catalog/avtomojka/beskontaktnye-robotizirovannye-avtomoyki,товар → раздел (из экспорта),да
https://avtomoyki.kz/p2464333-professionalnyj-dvuhmotornyj-pylevodosos.html,https://b2btech.kz/product/3-professionalnyy-dvuhmotornyy-pylevodosos-topper-429-f-inox,товар (снят с публикации на Satu),
https://avtomoyki.kz/p2464384-professionalnyj-trehmotornyj-pylevodosos.html,https://b2btech.kz/product/4-professionalnyy-trehmotornyy-pylevodosos-topper-440-m-inox,товар (снят с публикации на Satu),
https://avtomoyki.kz/p2464959-mojka-vysokogo-davleniya.html,https://b2btech.kz/product/22-moyka-vysokogo-davleniya-s-podogrevom-vody-ipc-portotecnica-universe-h,товар (снят с публикации на Satu),
https://avtomoyki.kz/p13954082-professionalnyj-apparat-vysokogo.html,https://b2btech.kz/product/44-professionalnyy-apparat-vysokogo-davleniya-wet-255-200-bar-kesher-dlya,товар (снят с публикации на Satu),
https://avtomoyki.kz/p44710844-udarnyj-gajkovert-7748tl.html,https://b2btech.kz/product/52-udarnyy-gaykovert-sr-7748tl,товар (снят с публикации на Satu),
https://avtomoyki.kz/p44710900-udarnyj-gajkovert-7769.html,https://b2btech.kz/product/53-udarnyy-gaykovert-cp-7769,товар (снят с публикации на Satu),
https://avtomoyki.kz/p44711235-udarnyj-gajkovert-7736.html,https://b2btech.kz/product/54-udarnyy-gaykovert-cp-7736,товар (снят с публикации на Satu),
https://avtomoyki.kz/p44713247-udarnyj-gajkovert-7749.html,https://b2btech.kz/product/55-udarnyy-gaykovert-cp-7749,товар (снят с публикации на Satu),
https://avtomoyki.kz/p44713307-udarnyj-uglovoj-gajkovert.html,https://b2btech.kz/product/56-udarnyy-uglovoy-gaykovert-cp-7737,товар (снят с публикации на Satu),
https://avtomoyki.kz/p44714059-domkrat-podkatnoj-80030.html,https://b2btech.kz/product/57-domkrat-podkatnoy-cp-80030,товар (снят с публикации на Satu),
https://avtomoyki.kz/p44714243-treschotka-pnevmaticheskaya-886h.html,https://b2btech.kz/product/58-treschotka-pnevmaticheskaya-cr-886h,товар (снят с публикации на Satu),
https://avtomoyki.kz/p44714257-dinamometricheskij-klyuch-8915.html,https://b2btech.kz/product/59-dinamometricheskiy-klyuch-cp-8915,товар (снят с публикации на Satu),
https://avtomoyki.kz/p46275983-avtopodyomnik-dvuhstoechnyj-elektrogidravlicheskij.html,https://b2btech.kz/product/80-avtopodemnik-dvuhstoechnyy-elektrogidravlicheskiy-ravaglioli-kph370-42,товар (снят с публикации на Satu),
https://avtomoyki.kz/p56189316-avtopodyomnik-chetyryohstoechnyj-elektrogidravlicheskij.html,https://b2btech.kz/product/86-avtopodemnik-chetyrehstoechnyy-elektrogidravlicheskiy-ravaglioli-rav-4,товар (снят с публикации на Satu),
https://avtomoyki.kz/p56189914-avtopodyomnik-chetyryohstoechnyj-elektrogidravlicheskij.html,https://b2btech.kz/product/87-avtopodemnik-chetyrehstoechnyy-elektrogidravlicheskiy-ravaglioli-rav-4,товар (снят с публикации на Satu),
https://avtomoyki.kz/p56190027-avtopodyomnik-chetyryohstoechnyj-elektrogidravlicheskij.html,https://b2btech.kz/product/88-avtopodemnik-chetyrehstoechnyy-elektrogidravlicheskiy-ravaglioli-rav-4,товар (снят с публикации на Satu),
https://avtomoyki.kz/p56190069-avtopodyomnik-chetyryohstoechnyj-elektrogidravlicheskij.html,https://b2btech.kz/product/89-avtopodemnik-chetyrehstoechnyy-elektrogidravlicheskiy-ravaglioli-rav-4,товар (снят с публикации на Satu),
https://avtomoyki.kz/p56190100-nozhnichnyj-podemnik-ravaglioli.html,https://b2btech.kz/product/90-nozhnichnyy-podemnik-ravaglioli-rav-535-italiya,товар (снят с публикации на Satu),
https://avtomoyki.kz/p56190121-nozhnichnyj-podemnik-ravaglioli.html,https://b2btech.kz/product/91-nozhnichnyy-podemnik-ravaglioli-rav-535l-italiya,товар (снят с публикации на Satu),
https://avtomoyki.kz/p59176975-stend-dlya-pravki.html,https://b2btech.kz/product/92-stend-dlya-pravki-metallicheskih-diskov-tmp-104,товар (снят с публикации на Satu),
https://avtomoyki.kz/p91692707-apparat-vysokogo-davleniya.html,https://b2btech.kz/product/130-apparat-vysokogo-davleniya-portotecnica-automax-c-1814p,товар (снят с публикации на Satu),
https://avtomoyki.kz/p95241151-professionalnyj-pylevodosos-elsea.html,https://b2btech.kz/product/132-professionalnyy-pylevodosos-elsea-ares-plus-wp110,товар (снят с публикации на Satu),
https://avtomoyki.kz/p110163824-udarnyj-gajkovert-7741.html,https://b2btech.kz/product/143-udarnyy-gaykovert-cp-7741,товар (снят с публикации на Satu),
https://avtomoyki.kz/p110163857-udarnyj-gajkovert-7763.html,https://b2btech.kz/product/144-udarnyy-gaykovert-cp-7763,товар (снят с публикации на Satu),
https://avtomoyki.kz/p110163954-pnevmaticheskaya-nizkooborotistaya-shlifovalnaya.html,https://b2btech.kz/product/145-pnevmaticheskaya-nizkooborotistaya-shlifovalnaya-mashinka-chicago-pneu,товар (снят с публикации на Satu),
https://avtomoyki.kz/p112659430-professionalnyj-dvuhmotornyj-pylevodosos.html,https://b2btech.kz/product/148-professionalnyy-dvuhmotornyy-pylevodosos-elsea-exel220-cw,товар (снят с публикации на Satu),
https://avtomoyki.kz/p112660129-professionalnyj-pylevodosos-akvafiltrom.html,https://b2btech.kz/product/149-professionalnyy-pylevodosos-s-akvafiltrom-elsea-bio-wet-dry-wp-110,товар (снят с публикации на Satu),
